date,run,sha,tcp_profile,udp_profile,serial_profile,custom_profile
2025-09-25T14:16:05,12,b2d55e4d,1,1,1,1
2025-09-25T14:29:01,13,bf7c0e8b,1,1,1,1
2025-09-26T06:29:50,14,4550c1d7,1,1,1,1
2025-09-26T06:44:04,15,ae4b7e8b,1,1,1,1
2025-09-26T06:58:45,16,ce55b3a9,1,1,1,1
2025-09-26T08:03:41+00:00,17,77f96960,1,1,1,1
2025-09-26T08:37:30+00:00,18,2a01460b,1,1,1,1
2025-09-26T08:44:48+00:00,19,3788de27,1,1,1,1
2025-09-26T08:53:59+00:00,20,eaff89b9,1,1,1,1
2025-09-26T09:07:12+00:00,21,df441855,1,1,1,1
2025-09-26T09:33:58+00:00,22,3c75fd2a,1,1,1,1
2025-09-26T09:41:03+00:00,23,3610aab4,1,1,1,1
2025-09-26T09:49:01+00:00,24,48983d90,1,1,1,1
2025-09-26T10:31:42+00:00,25,44aea060,1,1,1,1
2025-09-26T10:45:42+00:00,26,e0c17190,1,1,1,1
2025-09-26T10:57:37+00:00,27,c75cf0da,1,1,1,1
2025-09-26T11:12:09+00:00,28,1e5819ad,1,1,1,1
2025-09-26T11:19:40+00:00,29,d051e652,1,1,1,1
2025-09-26T11:24:41+00:00,30,329b68a0,1,1,1,1
2025-09-26T11:34:43+00:00,31,261af5f4,1,1,1,1
2025-09-29T05:36:09+00:00,32,47faaa66,1,1,1,1
2025-09-30T06:54:19+00:00,33,6efef4ae,1,1,1,1
2025-09-30T08:03:47+00:00,34,4ad8618d,1,1,1,1
