date,run,sha,stack
2025-09-25T14:16:05,12,b2d55e4d,2600
2025-09-25T14:29:01,13,bf7c0e8b,2600
2025-09-26T06:29:50,14,4550c1d7,2600
2025-09-26T06:44:04,15,ae4b7e8b,2600
2025-09-26T06:58:45,16,ce55b3a9,2600
2025-09-26T08:03:41+00:00,17,77f96960,2600
2025-09-26T08:37:30+00:00,18,2a01460b,2600
2025-09-26T08:44:48+00:00,19,3788de27,2600
2025-09-26T08:53:59+00:00,20,eaff89b9,2600
2025-09-26T09:07:12+00:00,21,df441855,2600
2025-09-26T09:33:58+00:00,22,3c75fd2a,2600
2025-09-26T09:41:03+00:00,23,3610aab4,2600
2025-09-26T09:49:01+00:00,24,48983d90,2600
2025-09-26T10:31:42+00:00,25,44aea060,2600
2025-09-26T10:45:41+00:00,26,e0c17190,2600
2025-09-26T10:57:37+00:00,27,c75cf0da,2600
2025-09-26T11:12:09+00:00,28,1e5819ad,3711
2025-09-26T11:19:39+00:00,29,d051e652,3711
2025-09-26T11:24:41+00:00,30,329b68a0,2600
2025-09-26T11:34:43+00:00,31,261af5f4,2600
2025-09-29T05:36:09+00:00,32,47faaa66,2600
2025-09-30T06:54:19+00:00,33,6efef4ae,2600
2025-09-30T08:03:47+00:00,34,4ad8618d,2600
2025-10-05T13:21:54+00:00,35,bdfa2809,2600
2025-10-12T13:22:31+00:00,36,bdfa2809,2600
2025-10-19T13:22:27+00:00,37,bdfa2809,2600
2025-10-26T13:21:29+00:00,38,bdfa2809,2600
2025-11-02T13:22:45+00:00,39,bdfa2809,2600
2025-11-09T13:21:01+00:00,40,bdfa2809,2600
2025-11-16T13:20:56+00:00,41,bdfa2809,2600
2025-11-23T13:20:36+00:00,42,bdfa2809,2600
2025-11-30T13:21:40+00:00,43,bdfa2809,2600
2025-12-07T13:21:28+00:00,44,bdfa2809,2600
2025-12-14T13:21:43+00:00,45,bdfa2809,2600
2025-12-21T13:21:44+00:00,46,bdfa2809,2600
2025-12-28T13:22:49+00:00,47,bdfa2809,2600
2026-01-04T13:23:18+00:00,48,bdfa2809,2600
2026-01-11T13:22:53+00:00,49,bdfa2809,2600
2026-01-14T08:58:56+00:00,50,465ccc0f,2600
2026-01-18T13:22:21+00:00,51,0840e720,2600
2026-01-25T13:24:42+00:00,52,0840e720,2600
2026-02-01T13:30:15+00:00,53,0840e720,2600
